month,category,total_revenue,total_profit
2018-09,kitchen_dining_laundry_garden_furniture,145.0,89.54
2018-08,,2419.0399999999995,1438.92
2018-08,agro_industry_and_commerce,5021.09,3724.32
2018-08,air_conditioning,3556.9000000000005,2546.25
2018-08,art,1481.39,896.79
2018-08,arts_and_craftmanship,901.76,571.14
2018-08,audio,2069.400000000001,1287.8
2018-08,auto,45182.460000000065,29501.08
2018-08,baby,21956.250000000036,13173.36
2018-08,bed_bath_table,61035.88000000009,35550.77
2018-08,books_general_interest,1564.7800000000009,674.66
2018-08,books_imported,749.0,598.16
2018-08,books_technical,1483.7900000000002,783.15
2018-08,christmas_supplies,564.37,223.71
2018-08,cine_photo,685.28,412.84
2018-08,computers,8711.5,6834.33
2018-08,computers_accessories,40268.93000000012,25185.8
2018-08,consoles_games,4711.24,2788.21
2018-08,construction_tools_construction,22917.160000000003,16309.79
2018-08,construction_tools_lights,8212.529999999997,5165.09
2018-08,construction_tools_safety,3970.2200000000007,2835.38
2018-08,cool_stuff,16354.579999999984,10816.99
2018-08,costruction_tools_garden,3688.7599999999998,2496.2
2018-08,costruction_tools_tools,1255.77,786.61
2018-08,diapers_and_hygiene,231.89,144.02
2018-08,drinks,1477.2300000000002,687.18
2018-08,dvds_blu_ray,8.9,-4.56
2018-08,electronics,10769.469999999996,6557.22
2018-08,fashio_female_clothing,129.97,60.21
2018-08,fashion_bags_accessories,8177.4299999999885,4616.63
2018-08,fashion_male_clothing,381.69000000000005,235.6
2018-08,fashion_shoes,471.29999999999995,293.83
2018-08,fashion_sport,69.9,43.36
2018-08,fashion_underwear_beach,219.9,151.86
2018-08,fixed_telephony,2724.17,2157.32
2018-08,food,8256.17999999999,5223.83
2018-08,food_drink,1028.6100000000001,488.4
2018-08,furniture_bedroom,2197.0,1235.28
2018-08,furniture_decor,41320.25000000014,23075.23
2018-08,furniture_living_room,5223.339999999999,2854.97
2018-08,garden_tools,16404.699999999986,9714.32
2018-08,health_beauty,120475.70999999996,84608.44
2018-08,home_appliances,6492.59,4035.24
2018-08,home_appliances_2,7532.76,5591.47
2018-08,home_confort,2241.28,1547.34
2018-08,home_construction,7016.160000000001,4550.41
2018-08,housewares,59770.790000000175,35102.59
2018-08,industry_commerce_and_business,2364.69,1633.18
2018-08,kitchen_dining_laundry_garden_furniture,2156.4700000000007,1176.99
2018-08,luggage_accessories,6758.009999999997,4144.7
2018-08,market_place,949.27,623.3
2018-08,music,497.81000000000006,323.27
2018-08,musical_instruments,10519.339999999995,7855.52
2018-08,office_furniture,6758.869999999996,4096.19
2018-08,party_supplies,1285.29,743.93
2018-08,pc_gamer,219.0,168.09
2018-08,perfumery,25017.69000000005,16988.04
2018-08,pet_shop,24608.070000000043,16687.6
2018-08,portateis_cozinha_e_preparadores_de_alimentos,1803.6000000000001,1465.21
2018-08,signaling_and_security,1825.5900000000006,1163.44
2018-08,small_appliances,6257.0599999999995,4546.64
2018-08,small_appliances_home_oven_and_coffee,2996.72,2154.61
2018-08,sports_leisure,51227.09000000018,33473.93
2018-08,stationery,15563.649999999976,9398.9
2018-08,telephony,37541.89000000007,26371.79
2018-08,toys,16923.749999999985,10660.71
2018-08,watches_gifts,72277.06000000004,53668.26
2018-07,,4611.999999999997,2713.77
2018-07,agro_industry_and_commerce,7756.6900000000005,5610.35
2018-07,air_conditioning,2657.86,1750.41
2018-07,art,1843.2,1075.29
2018-07,arts_and_craftmanship,654.57,359.85
2018-07,audio,2062.6400000000003,1356.38
2018-07,auto,43580.690000000126,28979.59
2018-07,baby,22024.010000000046,13090.47
2018-07,bed_bath_table,55242.920000000195,31382.08
2018-07,books_general_interest,4077.4500000000003,2991.25
2018-07,books_imported,402.78,191.82
2018-07,books_technical,2106.81,1197.96
2018-07,christmas_supplies,509.55999999999995,256.31
2018-07,cine_photo,1194.44,882.65
2018-07,computers,11239.0,9097.04
2018-07,computers_accessories,41581.48000000013,25467.69
2018-07,consoles_games,8519.109999999997,6138.36
2018-07,construction_tools_construction,15237.469999999988,10381.72
2018-07,construction_tools_lights,7477.61,4891.93
2018-07,construction_tools_safety,1888.95,1327.81
2018-07,cool_stuff,21451.71000000002,14600.85
2018-07,costruction_tools_garden,1922.6600000000005,975.6
2018-07,costruction_tools_tools,5501.2,4502.81
2018-07,diapers_and_hygiene,121.0,14.59
2018-07,drinks,1335.17,791.92
2018-07,dvds_blu_ray,83.99,49.3
2018-07,electronics,9285.949999999992,4839.31
2018-07,fashion_bags_accessories,6161.869999999994,3755.76
2018-07,fashion_male_clothing,208.7,71.68
2018-07,fashion_shoes,910.0899999999999,585.81
2018-07,fashion_underwear_beach,109.8,50.3
2018-07,fixed_telephony,9319.39,7234.47
2018-07,flowers,47.989999999999995,-3.14
2018-07,food,3378.1700000000005,1599.25
2018-07,food_drink,778.7300000000001,257.45
2018-07,furniture_bedroom,1386.9,703.4
2018-07,furniture_decor,45659.39000000015,25963.47
2018-07,furniture_living_room,6779.629999999996,3522.4
2018-07,furniture_mattress_and_upholstery,129.9,97.38
2018-07,garden_tools,26173.78000000005,16990.83
2018-07,health_beauty,105640.67000000006,70627.28
2018-07,home_appliances,5508.919999999997,3105.12
2018-07,home_appliances_2,12736.319999999998,9728.16
2018-07,home_comfort_2,38.7,-27.68
2018-07,home_confort,2984.38,1902.15
2018-07,home_construction,6900.0,4185.2
2018-07,housewares,63301.76000000012,37666.87
2018-07,industry_commerce_and_business,4697.21,3150.84
2018-07,kitchen_dining_laundry_garden_furniture,3875.9500000000003,2273.95
2018-07,luggage_accessories,5821.719999999998,3447.69
2018-07,market_place,186.78,53.81
2018-07,music,849.3,688.4
2018-07,musical_instruments,7871.929999999998,5199.52
2018-07,office_furniture,13395.269999999986,7584.94
2018-07,party_supplies,57.5,13.74
2018-07,pc_gamer,438.0,356.06
2018-07,perfumery,21271.770000000015,14388.15
2018-07,pet_shop,19859.74000000001,12733.03
2018-07,portateis_cozinha_e_preparadores_de_alimentos,172.03,0.35
2018-07,signaling_and_security,3785.190000000001,767.37
2018-07,small_appliances,8161.349999999997,5899.26
2018-07,small_appliances_home_oven_and_coffee,4699.669999999999,3589.02
2018-07,sports_leisure,55238.580000000125,35266.44
2018-07,stationery,17247.08999999999,9903.52
2018-07,telephony,26588.510000000075,17880.43
2018-07,toys,17021.999999999978,10709.35
2018-07,watches_gifts,96267.58999999998,71031.9
2018-06,,2387.13,1557.07
2018-06,agro_industry_and_commerce,3515.8,2672.73
2018-06,air_conditioning,3567.9000000000005,2422.19
2018-06,art,2500.1399999999994,1533.08
2018-06,audio,1830.6900000000003,1110.92
2018-06,auto,45407.490000000114,30589.89
2018-06,baby,30755.12000000009,19475.95
2018-06,bed_bath_table,71545.58000000015,41697.06
2018-06,books_general_interest,3275.4900000000002,2088.82
2018-06,books_imported,468.16999999999996,229.0
2018-06,books_technical,1747.4300000000005,963.15
2018-06,christmas_supplies,306.19,63.93
2018-06,cine_photo,435.85,129.07
2018-06,computers,13127.0,10682.69
2018-06,computers_accessories,41999.2500000001,25598.43
2018-06,consoles_games,6903.009999999998,4840.08
2018-06,construction_tools_construction,22947.72000000001,17057.57
2018-06,construction_tools_lights,4583.41,2832.46
2018-06,construction_tools_safety,2565.3700000000003,1728.46
2018-06,cool_stuff,19316.37000000001,13663.25
2018-06,costruction_tools_garden,799.4399999999999,377.56
2018-06,costruction_tools_tools,527.0,346.95
2018-06,diapers_and_hygiene,321.0,135.98
2018-06,drinks,1567.0700000000002,693.88
2018-06,dvds_blu_ray,382.88,184.78
2018-06,electronics,9664.569999999989,4201.52
2018-06,fashion_bags_accessories,7869.949999999994,4922.43
2018-06,fashion_childrens_clothes,89.99,66.7
2018-06,fashion_male_clothing,447.79999999999995,252.43
2018-06,fashion_shoes,1230.58,813.31
2018-06,fashion_underwear_beach,129.3,-28.68
2018-06,fixed_telephony,2080.32,1360.44
2018-06,flowers,108.0,52.34
2018-06,food,1371.1800000000005,753.01
2018-06,food_drink,293.84999999999997,-23.9
2018-06,furniture_bedroom,1559.99,900.04
2018-06,furniture_decor,42190.2200000001,24276.24
2018-06,furniture_living_room,3541.62,1975.68
2018-06,garden_tools,18018.709999999995,9688.63
2018-06,health_beauty,107795.99000000015,72582.78
2018-06,home_appliances,6697.399999999998,4039.06
2018-06,home_appliances_2,8312.72,6420.37
2018-06,home_comfort_2,25.8,-14.94
2018-06,home_confort,2386.4900000000002,1676.82
2018-06,home_construction,9094.589999999998,5762.44
2018-06,housewares,56027.40000000018,32242.38
2018-06,industry_commerce_and_business,2609.9,1242.69
2018-06,kitchen_dining_laundry_garden_furniture,3538.4300000000007,1856.17
2018-06,luggage_accessories,5070.880000000001,3185.14
2018-06,market_place,556.46,328.52
2018-06,music,109.08000000000001,20.51
2018-06,musical_instruments,16177.919999999996,12191.27
2018-06,office_furniture,12725.579999999989,6661.05
2018-06,party_supplies,84.80000000000001,37.04
2018-06,perfumery,27335.860000000033,19206.41
2018-06,pet_shop,19491.780000000013,12219.94
2018-06,signaling_and_security,5863.179999999999,3943.54
2018-06,small_appliances,16022.699999999993,12490.21
2018-06,small_appliances_home_oven_and_coffee,3499.0,2890.99
2018-06,sports_leisure,45542.01000000014,28802.62
2018-06,stationery,12859.079999999985,7183.35
2018-06,tablets_printing_image,50.0,16.15
2018-06,telephony,22734.82000000007,15002.9
2018-06,toys,21221.450000000033,13485.97
2018-06,watches_gifts,86885.55999999988,64062.91
2018-05,,3097.04,1592.09
2018-05,agro_industry_and_commerce,3279.75,2692.71
2018-05,air_conditioning,1851.3000000000002,1158.01
2018-05,art,2691.86,1561.25
2018-05,arts_and_craftmanship,89.8,62.77
2018-05,audio,2697.6800000000003,1906.51
2018-05,auto,40900.240000000114,26647.54
2018-05,baby,33893.6000000001,22859.37
2018-05,bed_bath_table,71664.93000000011,44865.79
2018-05,books_general_interest,5974.129999999994,4078.26
2018-05,books_imported,410.92,196.82
2018-05,books_technical,3055.479999999999,1517.57
2018-05,christmas_supplies,524.5300000000001,283.38
2018-05,cine_photo,2277.2900000000004,1606.91
2018-05,computers,9429.919999999998,7655.24
2018-05,computers_accessories,51340.73000000015,33556.0
2018-05,consoles_games,5664.069999999997,3570.47
2018-05,construction_tools_construction,20748.600000000002,14535.79
2018-05,construction_tools_lights,4399.809999999999,2898.3
2018-05,construction_tools_safety,6442.910000000001,4888.66
2018-05,cool_stuff,30129.100000000068,21386.53
2018-05,costruction_tools_garden,1073.2800000000002,529.36
2018-05,costruction_tools_tools,417.9,254.39
2018-05,diapers_and_hygiene,117.0,45.31
2018-05,drinks,2790.9799999999987,1403.29
2018-05,dvds_blu_ray,439.94,225.53
2018-05,electronics,16941.789999999983,9551.7
2018-05,fashion_bags_accessories,11658.059999999987,7916.51
2018-05,fashion_male_clothing,129.99,89.51
2018-05,fashion_shoes,1582.7000000000003,1136.91
2018-05,fashion_underwear_beach,207.4,55.46
2018-05,fixed_telephony,1846.2,1226.97
2018-05,flowers,16.4,-9.89
2018-05,food,1542.9300000000005,595.59
2018-05,food_drink,1239.44,530.41
2018-05,furniture_bedroom,1484.98,944.85
2018-05,furniture_decor,54056.05000000022,32407.22
2018-05,furniture_living_room,2721.0800000000004,1594.58
2018-05,garden_tools,37916.170000000166,26493.79
2018-05,health_beauty,95950.68000000018,65886.89
2018-05,home_appliances,6194.889999999998,3824.06
2018-05,home_appliances_2,14441.239999999998,11304.32
2018-05,home_confort,2776.600000000001,1867.37
2018-05,home_construction,10155.280000000004,7118.66
2018-05,housewares,63003.57000000013,38316.13
2018-05,industry_commerce_and_business,3890.99,2069.21
2018-05,kitchen_dining_laundry_garden_furniture,2310.09,1384.21
2018-05,luggage_accessories,6618.459999999997,3907.43
2018-05,market_place,957.45,518.02
2018-05,music,729.0,513.89
2018-05,musical_instruments,18757.07,14378.0
2018-05,office_furniture,21005.86,13361.32
2018-05,party_supplies,100.69999999999999,-4.63
2018-05,perfumery,24757.700000000037,17410.65
2018-05,pet_shop,11708.459999999981,7137.93
2018-05,portateis_cozinha_e_preparadores_de_alimentos,1958.0,1624.63
2018-05,signaling_and_security,683.4999999999999,380.92
2018-05,small_appliances,10620.989999999998,8122.09
2018-05,small_appliances_home_oven_and_coffee,10161.6,8440.35
2018-05,sports_leisure,59599.12000000009,40332.6
2018-05,stationery,12923.38999999999,8055.7
2018-05,tablets_printing_image,49.9,30.62
2018-05,telephony,21636.250000000055,13158.79
2018-05,toys,31647.400000000078,21952.63
2018-05,watches_gifts,124036.55999999968,95496.28
2018-04,,8240.659999999996,5377.66
2018-04,agro_industry_and_commerce,4500.7,3448.59
2018-04,air_conditioning,3261.7900000000004,2081.09
2018-04,art,2140.2799999999997,1262.69
2018-04,arts_and_craftmanship,15.99,-9.16
2018-04,audio,7045.069999999998,5430.98
2018-04,auto,49351.890000000094,33641.96
2018-04,baby,49791.85000000011,34489.45
2018-04,bed_bath_table,72374.34000000014,44522.06
2018-04,books_general_interest,6295.509999999997,4332.99
2018-04,books_imported,317.99,225.45
2018-04,books_technical,1172.1,506.02
2018-04,cds_dvds_musicals,65.0,-0.38
2018-04,christmas_supplies,275.15,-61.3
2018-04,cine_photo,521.74,326.75
2018-04,computers,13774.919999999998,11154.4
2018-04,computers_accessories,59596.000000000095,38517.19
2018-04,consoles_games,5939.8499999999985,4011.96
2018-04,construction_tools_construction,13293.829999999993,8864.72
2018-04,construction_tools_lights,4962.67,3197.72
2018-04,construction_tools_safety,2887.2599999999993,1826.02
2018-04,cool_stuff,35025.41000000008,24506.08
2018-04,costruction_tools_garden,1326.7900000000004,620.99
2018-04,costruction_tools_tools,1332.99,757.43
2018-04,diapers_and_hygiene,149.0,59.55
2018-04,drinks,5016.439999999999,3222.63
2018-04,dvds_blu_ray,92.5,-118.77
2018-04,electronics,11022.429999999977,4750.03
2018-04,fashio_female_clothing,174.95000000000002,85.76
2018-04,fashion_bags_accessories,8473.849999999988,5015.46
2018-04,fashion_male_clothing,195.0,127.18
2018-04,fashion_shoes,1438.7000000000003,903.18
2018-04,fashion_sport,89.9,58.6
2018-04,fashion_underwear_beach,359.4,199.1
2018-04,fixed_telephony,1921.94,1346.41
2018-04,flowers,158.4,83.19
2018-04,food,1665.430000000001,706.55
2018-04,food_drink,605.0699999999998,162.5
2018-04,furniture_bedroom,1470.9,849.03
2018-04,furniture_decor,56766.0100000002,34635.85
2018-04,furniture_living_room,5133.729999999997,3081.95
2018-04,garden_tools,35037.64000000013,23170.59
2018-04,health_beauty,91751.03999999992,63123.34
2018-04,home_appliances,16350.849999999995,11214.72
2018-04,home_appliances_2,20741.69,16903.55
2018-04,home_comfort_2,12.9,-0.54
2018-04,home_confort,1939.400000000001,1253.28
2018-04,home_construction,9318.500000000002,6237.79
2018-04,housewares,45405.9600000001,26711.56
2018-04,industry_commerce_and_business,5690.61,3518.89
2018-04,kitchen_dining_laundry_garden_furniture,3165.4699999999993,1554.34
2018-04,la_cuisine,280.0,159.88
2018-04,luggage_accessories,8680.479999999996,5739.04
2018-04,market_place,627.23,259.36
2018-04,music,1696.8600000000001,1311.04
2018-04,musical_instruments,19375.310000000012,14918.17
2018-04,office_furniture,20334.65999999999,10486.79
2018-04,party_supplies,43.8,-11.42
2018-04,perfumery,17790.31,11913.56
2018-04,pet_shop,18556.499999999996,11650.96
2018-04,signaling_and_security,2222.3000000000006,1029.2
2018-04,small_appliances,12071.759999999998,9076.88
2018-04,small_appliances_home_oven_and_coffee,13980.98,11332.22
2018-04,sports_leisure,67556.48000000013,44480.54
2018-04,stationery,11701.349999999979,6789.96
2018-04,tablets_printing_image,52.0,22.52
2018-04,telephony,16636.839999999964,8783.94
2018-04,toys,23315.390000000043,15123.72
2018-04,watches_gifts,93258.55999999984,70970.35
2018-03,,17412.410000000003,11561.61
2018-03,agro_industry_and_commerce,6019.0,4535.31
2018-03,air_conditioning,2667.5800000000004,1635.53
2018-03,art,461.5,238.72
2018-03,audio,10606.689999999999,8216.16
2018-03,auto,44980.19000000008,29045.13
2018-03,baby,41870.7300000001,29077.11
2018-03,bed_bath_table,70541.49000000021,41409.84
2018-03,books_general_interest,1711.9300000000007,705.57
2018-03,books_imported,259.0,187.23
2018-03,books_technical,913.47,390.18
2018-03,christmas_supplies,854.9499999999999,323.78
2018-03,cine_photo,711.7900000000001,422.79
2018-03,computers_accessories,85887.32000000008,55379.38
2018-03,consoles_games,11858.719999999998,8756.92
2018-03,construction_tools_construction,10549.379999999996,6926.8
2018-03,construction_tools_lights,2536.7,1533.39
2018-03,construction_tools_safety,5374.87,4078.91
2018-03,cool_stuff,38353.220000000074,26300.52
2018-03,costruction_tools_garden,2521.63,1528.27
2018-03,costruction_tools_tools,931.3,535.87
2018-03,diapers_and_hygiene,163.0,24.79
2018-03,drinks,962.7,420.44
2018-03,dvds_blu_ray,49.8,-6.09
2018-03,electronics,12554.799999999967,4943.58
2018-03,fashio_female_clothing,119.96,51.0
2018-03,fashion_bags_accessories,10339.779999999986,5697.9
2018-03,fashion_childrens_clothes,79.98,43.8
2018-03,fashion_shoes,1252.8000000000002,722.21
2018-03,fashion_sport,89.9,66.62
2018-03,fashion_underwear_beach,289.4,141.89
2018-03,fixed_telephony,1930.5900000000004,1334.73
2018-03,flowers,89.67,17.17
2018-03,food,1559.9000000000012,658.78
2018-03,food_drink,2350.7700000000004,1700.95
2018-03,furniture_bedroom,1071.8,703.05
2018-03,furniture_decor,52936.98000000021,28498.75
2018-03,furniture_living_room,3521.8700000000003,2154.1
2018-03,furniture_mattress_and_upholstery,440.0,213.47
2018-03,garden_tools,27368.150000000045,15794.82
2018-03,health_beauty,89789.42999999995,60938.74
2018-03,home_appliances,10053.989999999998,6862.28
2018-03,home_appliances_2,5648.2,4442.24
2018-03,home_comfort_2,34.99,16.45
2018-03,home_confort,2522.3800000000006,1509.3
2018-03,home_construction,5639.509999999997,3503.39
2018-03,housewares,37549.30000000012,20821.45
2018-03,industry_commerce_and_business,2922.45,1681.78
2018-03,kitchen_dining_laundry_garden_furniture,2842.6600000000003,1642.34
2018-03,la_cuisine,389.0,299.62
2018-03,luggage_accessories,5911.769999999998,3382.22
2018-03,market_place,1548.7400000000002,948.65
2018-03,music,323.97,234.71
2018-03,musical_instruments,10822.199999999995,7595.11
2018-03,office_furniture,31301.62000000008,17316.32
2018-03,party_supplies,913.9,586.0
2018-03,perfumery,20473.250000000022,13319.05
2018-03,pet_shop,13643.689999999979,8482.11
2018-03,signaling_and_security,921.9,603.01
2018-03,small_appliances,14021.179999999998,11164.02
2018-03,small_appliances_home_oven_and_coffee,7890.9,6579.41
2018-03,sports_leisure,84891.6499999999,54186.31
2018-03,stationery,13201.73999999998,7647.45
2018-03,tablets_printing_image,259.29,185.18
2018-03,telephony,25794.99000000007,14636.61
2018-03,toys,23308.30000000005,14657.11
2018-03,watches_gifts,97887.95000000001,73051.86
2018-02,,13140.25999999999,8748.87
2018-02,agro_industry_and_commerce,7404.8,5610.39
2018-02,air_conditioning,2626.8900000000003,1969.96
2018-02,art,1216.71,691.55
2018-02,audio,2828.4900000000007,2144.56
2018-02,auto,42405.410000000105,28477.94
2018-02,baby,25896.250000000065,17638.5
2018-02,bed_bath_table,61542.89000000025,37873.59
2018-02,books_general_interest,1886.6500000000005,946.95
2018-02,books_imported,325.0,244.46
2018-02,books_technical,1464.1800000000003,729.32
2018-02,christmas_supplies,2059.6500000000005,1045.21
2018-02,cine_photo,227.99,146.5
2018-02,computers_accessories,102907.9399999997,65580.03
2018-02,consoles_games,11978.729999999996,8875.47
2018-02,construction_tools_construction,8991.069999999996,6306.43
2018-02,construction_tools_lights,1610.8000000000002,952.07
2018-02,construction_tools_safety,5965.75,5023.3
2018-02,cool_stuff,30787.210000000072,21980.5
2018-02,costruction_tools_garden,1567.7,903.45
2018-02,costruction_tools_tools,1318.2000000000003,866.4
2018-02,diapers_and_hygiene,100.0,17.24
2018-02,drinks,1967.4400000000003,1106.75
2018-02,dvds_blu_ray,24.9,-0.72
2018-02,electronics,14764.699999999955,5807.66
2018-02,fashio_female_clothing,29.99,6.29
2018-02,fashion_bags_accessories,9836.619999999986,6300.53
2018-02,fashion_male_clothing,388.09000000000003,252.77
2018-02,fashion_shoes,1033.7,611.57
2018-02,fashion_underwear_beach,399.29999999999995,196.02
2018-02,fixed_telephony,4738.6799999999985,3580.38
2018-02,flowers,134.48000000000002,45.12
2018-02,food,1783.520000000001,879.0
2018-02,food_drink,1059.1,476.18
2018-02,furniture_bedroom,1094.8,607.2
2018-02,furniture_decor,38634.76000000015,22967.33
2018-02,furniture_living_room,4821.779999999998,2261.85
2018-02,furniture_mattress_and_upholstery,389.4,-4.98
2018-02,garden_tools,27057.630000000107,14845.75
2018-02,health_beauty,87478.4300000002,61258.87
2018-02,home_appliances,5634.589999999999,3770.37
2018-02,home_appliances_2,8998.83,6747.02
2018-02,home_comfort_2,38.7,-29.34
2018-02,home_confort,3012.7600000000007,2133.07
2018-02,home_construction,5225.899999999997,3555.77
2018-02,housewares,35670.530000000115,20073.36
2018-02,industry_commerce_and_business,4811.59,3204.71
2018-02,kitchen_dining_laundry_garden_furniture,4621.16,2961.66
2018-02,luggage_accessories,6423.549999999994,4176.0
2018-02,market_place,1920.9200000000003,1078.62
2018-02,music,244.97,173.3
2018-02,musical_instruments,9015.729999999996,6524.62
2018-02,office_furniture,17891.769999999997,10355.9
2018-02,pc_gamer,129.99,78.95
2018-02,perfumery,20771.760000000013,14003.85
2018-02,pet_shop,9575.039999999994,5664.98
2018-02,signaling_and_security,715.79,269.1
2018-02,small_appliances,5444.159999999999,3882.16
2018-02,small_appliances_home_oven_and_coffee,3024.9,2388.17
2018-02,sports_leisure,76182.72000000009,50482.61
2018-02,stationery,11559.299999999983,6608.19
2018-02,tablets_printing_image,694.9699999999999,357.72
2018-02,telephony,14015.269999999939,5470.12
2018-02,toys,14677.94999999998,9793.48
2018-02,watches_gifts,62986.19000000005,46563.56
2018-01,,22429.550000000025,14982.64
2018-01,agro_industry_and_commerce,5853.4400000000005,4478.76
2018-01,air_conditioning,4674.740000000001,3315.94
2018-01,art,2540.7700000000004,1767.04
2018-01,audio,3820.28,2780.28
2018-01,auto,35855.02000000009,24611.54
2018-01,baby,30226.47000000007,19948.31
2018-01,bed_bath_table,76740.44000000009,47642.25
2018-01,books_general_interest,2180.150000000001,1038.26
2018-01,books_imported,583.0,398.65
2018-01,books_technical,1176.5500000000002,708.08
2018-01,christmas_supplies,851.5,431.16
2018-01,cine_photo,199.98,142.18
2018-01,computers,7450.0,5533.9
2018-01,computers_accessories,83496.48000000003,55384.99
2018-01,consoles_games,8200.979999999996,5852.84
2018-01,construction_tools_construction,10495.979999999998,7770.34
2018-01,construction_tools_lights,2392.99,1909.05
2018-01,construction_tools_safety,2228.89,1630.56
2018-01,cool_stuff,40194.70000000003,27350.66
2018-01,costruction_tools_garden,3927.98,2758.86
2018-01,costruction_tools_tools,532.3,250.4
2018-01,diapers_and_hygiene,125.0,11.55
2018-01,drinks,2307.6099999999997,977.72
2018-01,dvds_blu_ray,49.8,-12.96
2018-01,electronics,16126.57999999993,6541.61
2018-01,fashio_female_clothing,161.79000000000002,92.69
2018-01,fashion_bags_accessories,7981.719999999993,4396.53
2018-01,fashion_male_clothing,550.5999999999999,331.16
2018-01,fashion_shoes,666.7,376.9
2018-01,fashion_sport,119.8,69.88
2018-01,fashion_underwear_beach,754.4999999999999,501.44
2018-01,fixed_telephony,2444.1000000000004,1907.98
2018-01,flowers,284.6,45.06
2018-01,food,868.4100000000001,385.21
2018-01,food_drink,341.16999999999996,56.31
2018-01,furniture_bedroom,914.8,614.98
2018-01,furniture_decor,55492.07000000032,32565.63
2018-01,furniture_living_room,2308.1000000000004,1362.48
2018-01,furniture_mattress_and_upholstery,860.5,282.42
2018-01,garden_tools,26917.94000000007,16392.61
2018-01,health_beauty,72477.67000000014,49028.91
2018-01,home_appliances,1904.9500000000005,1078.73
2018-01,home_appliances_2,8630.099999999999,6925.14
2018-01,home_confort,3020.16,2129.42
2018-01,home_construction,5827.58,3865.18
2018-01,housewares,37717.44000000008,22970.46
2018-01,industry_commerce_and_business,3662.0000000000014,2229.27
2018-01,kitchen_dining_laundry_garden_furniture,4838.5,3031.04
2018-01,la_cuisine,112.0,75.53
2018-01,luggage_accessories,18738.22,12255.1
2018-01,market_place,818.7199999999999,412.12
2018-01,music,24.97,1.87
2018-01,musical_instruments,15206.579999999994,11615.24
2018-01,office_furniture,20113.41000000001,10883.59
2018-01,party_supplies,135.8,69.61
2018-01,perfumery,19919.31000000003,12818.58
2018-01,pet_shop,10885.959999999992,7224.77
2018-01,signaling_and_security,1048.79,602.16
2018-01,small_appliances,15450.759999999995,11839.72
2018-01,small_appliances_home_oven_and_coffee,369.99,305.45
2018-01,sports_leisure,91602.42999999993,61731.64
2018-01,stationery,40639.2200000001,26539.74
2018-01,tablets_printing_image,161.8,102.41
2018-01,telephony,14879.95999999994,5374.83
2018-01,toys,21948.23000000003,15165.87
2018-01,watches_gifts,75552.24000000002,57926.97
2017-12,,16284.909999999993,11157.93
2017-12,agro_industry_and_commerce,5291.699999999999,4229.36
2017-12,air_conditioning,668.8,520.0
2017-12,art,115.25,38.28
2017-12,audio,2686.9300000000003,2018.13
2017-12,auto,39287.64000000008,26498.54
2017-12,baby,19943.08000000001,13657.82
2017-12,bed_bath_table,51285.14000000027,31803.35
2017-12,books_general_interest,2352.2000000000007,1220.25
2017-12,books_imported,231.0,148.22
2017-12,books_technical,670.69,494.47
2017-12,cds_dvds_musicals,65.0,42.26
2017-12,christmas_supplies,493.9,51.98
2017-12,computers,16741.0,13202.21
2017-12,computers_accessories,38282.4700000001,25717.97
2017-12,consoles_games,9075.009999999997,6057.24
2017-12,construction_tools_construction,5830.3499999999985,4093.1
2017-12,construction_tools_lights,176.0,114.42
2017-12,construction_tools_safety,1384.9199999999998,1012.79
2017-12,cool_stuff,38211.5500000001,26665.01
2017-12,costruction_tools_garden,928.9,578.98
2017-12,costruction_tools_tools,349.4,166.66
2017-12,diapers_and_hygiene,76.0,27.1
2017-12,drinks,2132.84,1213.93
2017-12,dvds_blu_ray,119.9,84.92
2017-12,electronics,8537.509999999977,2932.37
2017-12,fashion_bags_accessories,10117.459999999985,6052.57
2017-12,fashion_male_clothing,450.89,295.53
2017-12,fashion_shoes,1183.8999999999999,738.18
2017-12,fashion_sport,59.9,30.85
2017-12,fashion_underwear_beach,1173.1,763.62
2017-12,fixed_telephony,998.77,756.88
2017-12,flowers,82.7,32.5
2017-12,food,978.1900000000002,597.95
2017-12,food_drink,1098.6799999999998,465.46
2017-12,furniture_bedroom,185.0,112.05
2017-12,furniture_decor,32488.750000000127,18525.15
2017-12,furniture_living_room,2407.71,1287.2
2017-12,furniture_mattress_and_upholstery,803.7,378.98
2017-12,garden_tools,27404.690000000057,14711.43
2017-12,health_beauty,61674.35000000003,42858.39
2017-12,home_appliances,1331.0000000000002,732.72
2017-12,home_appliances_2,1990.1600000000003,1411.14
2017-12,home_confort,2334.7000000000003,1658.66
2017-12,home_construction,6735.299999999998,4392.08
2017-12,housewares,25921.950000000044,14956.21
2017-12,industry_commerce_and_business,1828.5000000000002,1308.73
2017-12,kitchen_dining_laundry_garden_furniture,4277.3,2645.98
2017-12,luggage_accessories,6248.2099999999955,4018.47
2017-12,market_place,703.2499999999999,346.99
2017-12,musical_instruments,10823.499999999998,8310.23
2017-12,office_furniture,6964.359999999995,3953.69
2017-12,party_supplies,515.2,408.66
2017-12,perfumery,27864.430000000088,19199.75
2017-12,pet_shop,7227.229999999994,4346.83
2017-12,signaling_and_security,770.0,595.16
2017-12,small_appliances,8913.77,6894.64
2017-12,sports_leisure,59825.660000000185,39846.27
2017-12,stationery,25731.00000000004,16195.13
2017-12,tablets_printing_image,419.4,283.45
2017-12,telephony,13611.009999999953,6647.17
2017-12,toys,56954.34000000012,38168.49
2017-12,watches_gifts,71666.62000000004,54794.7
2017-11,,14107.47999999999,9489.32
2017-11,agro_industry_and_commerce,13932.490000000002,10708.75
2017-11,air_conditioning,4076.62,3014.21
2017-11,art,75.0,43.22
2017-11,audio,3677.230000000001,2447.3
2017-11,auto,34962.220000000074,23213.81
2017-11,baby,21718.880000000034,13451.96
2017-11,bed_bath_table,90166.76999999989,55187.3
2017-11,books_general_interest,2630.9700000000016,1551.03
2017-11,books_imported,324.0,216.62
2017-11,books_technical,768.9,524.27
2017-11,cds_dvds_musicals,195.0,126.78
2017-11,christmas_supplies,1327.5900000000001,602.98
2017-11,cine_photo,242.0,170.66
2017-11,computers,9768.0,8268.44
2017-11,computers_accessories,72776.66999999998,49107.63
2017-11,consoles_games,12269.87999999999,7848.93
2017-11,construction_tools_construction,6993.559999999997,4253.6
2017-11,construction_tools_lights,2199.48,1454.03
2017-11,construction_tools_safety,3318.590000000001,2594.06
2017-11,cool_stuff,56583.340000000004,40694.13
2017-11,costruction_tools_garden,1218.5,606.5
2017-11,costruction_tools_tools,269.5,120.13
2017-11,drinks,825.8100000000002,293.36
2017-11,dvds_blu_ray,79.78999999999999,-13.86
2017-11,electronics,10026.139999999983,4857.97
2017-11,fashio_female_clothing,99.78,15.93
2017-11,fashion_bags_accessories,13355.879999999968,7683.87
2017-11,fashion_male_clothing,880.9899999999999,550.0
2017-11,fashion_shoes,1707.8000000000004,1076.34
2017-11,fashion_sport,59.9,39.93
2017-11,fashion_underwear_beach,1221.6,819.8
2017-11,fixed_telephony,943.98,706.0
2017-11,flowers,187.8,53.77
2017-11,food,556.95,181.09
2017-11,food_drink,2445.57,1382.93
2017-11,furniture_bedroom,873.0,563.06
2017-11,furniture_decor,63761.88000000017,35799.77
2017-11,furniture_living_room,6212.949999999997,3653.33
2017-11,furniture_mattress_and_upholstery,334.0,185.19
2017-11,garden_tools,45554.08000000011,24453.74
2017-11,health_beauty,79035.64,55382.68
2017-11,home_appliances,4515.9400000000005,3267.05
2017-11,home_appliances_2,4983.58,3619.36
2017-11,home_comfort_2,38.7,-24.03
2017-11,home_confort,5355.389999999998,3449.38
2017-11,home_construction,4936.719999999998,3312.7
2017-11,housewares,35735.400000000125,20246.55
2017-11,industry_commerce_and_business,2074.77,1508.03
2017-11,kitchen_dining_laundry_garden_furniture,5007.39,2811.61
2017-11,la_cuisine,137.0,115.45
2017-11,luggage_accessories,8491.049999999988,4793.55
2017-11,market_place,1355.9800000000005,786.63
2017-11,musical_instruments,16112.329999999994,12426.87
2017-11,office_furniture,18048.199999999993,10039.1
2017-11,party_supplies,870.69,680.96
2017-11,perfumery,32070.700000000146,21410.6
2017-11,pet_shop,11267.689999999993,7252.78
2017-11,signaling_and_security,596.79,256.43
2017-11,small_appliances,8446.919999999998,6290.57
2017-11,sports_leisure,64777.51000000026,42382.74
2017-11,stationery,16699.08999999999,10305.55
2017-11,tablets_printing_image,350.4,183.49
2017-11,telephony,26619.88000000014,15313.33
2017-11,toys,64515.69000000009,43989.83
2017-11,watches_gifts,96575.57999999993,73489.01
2017-10,,18410.579999999994,13797.82
2017-10,agro_industry_and_commerce,3350.2799999999997,2523.18
2017-10,air_conditioning,2562.42,1845.86
2017-10,art,349.05,240.76
2017-10,audio,2328.580000000001,1492.12
2017-10,auto,21578.29000000001,14530.37
2017-10,baby,16497.49999999998,10563.68
2017-10,bed_bath_table,47576.94000000019,28684.47
2017-10,books_general_interest,734.5,395.99
2017-10,books_technical,880.0,636.15
2017-10,cds_dvds_musicals,45.0,18.49
2017-10,christmas_supplies,388.04999999999995,138.29
2017-10,cine_photo,69.0,17.72
2017-10,computers,40393.92,33828.03
2017-10,computers_accessories,42763.19000000014,29321.04
2017-10,consoles_games,10557.719999999988,6978.94
2017-10,construction_tools_construction,2576.1800000000003,1707.31
2017-10,construction_tools_lights,500.0,258.9
2017-10,construction_tools_safety,1668.8500000000004,1103.97
2017-10,cool_stuff,44841.110000000066,31651.4
2017-10,costruction_tools_garden,746.9,464.63
2017-10,costruction_tools_tools,1018.5999999999999,770.01
2017-10,drinks,596.98,303.24
2017-10,dvds_blu_ray,174.6,39.15
2017-10,electronics,3454.320000000002,1569.85
2017-10,fashion_bags_accessories,7616.159999999992,4469.42
2017-10,fashion_childrens_clothes,39.99,16.09
2017-10,fashion_male_clothing,1041.8,690.41
2017-10,fashion_shoes,1860.92,1184.39
2017-10,fashion_sport,59.9,38.99
2017-10,fashion_underwear_beach,187.8,115.11
2017-10,fixed_telephony,3751.88,2999.31
2017-10,food,806.0600000000002,407.97
2017-10,food_drink,2349.23,1598.4
2017-10,furniture_bedroom,1443.9,965.19
2017-10,furniture_decor,31076.910000000156,17189.68
2017-10,furniture_living_room,1532.7900000000004,770.8
2017-10,garden_tools,25978.740000000093,14695.85
2017-10,health_beauty,42328.75000000009,28106.79
2017-10,home_appliances,1951.0800000000004,1385.68
2017-10,home_appliances_2,2803.17,1917.07
2017-10,home_comfort_2,64.5,-43.74
2017-10,home_confort,3619.8000000000006,2559.59
2017-10,home_construction,4201.169999999999,2941.51
2017-10,housewares,15996.629999999985,8431.38
2017-10,industry_commerce_and_business,2256.69,1749.4
2017-10,kitchen_dining_laundry_garden_furniture,3428.6,2028.76
2017-10,la_cuisine,137.0,91.73
2017-10,luggage_accessories,6240.339999999995,3708.9
2017-10,market_place,1019.54,649.45
2017-10,music,54.9,28.18
2017-10,musical_instruments,6640.160000000001,5143.94
2017-10,office_furniture,18087.820000000003,10832.19
2017-10,party_supplies,137.8,85.19
2017-10,perfumery,16894.71999999998,10625.78
2017-10,pet_shop,8243.579999999996,5420.33
2017-10,signaling_and_security,744.0,431.74
2017-10,small_appliances,6464.85,4788.96
2017-10,sports_leisure,49825.2500000001,32406.68
2017-10,stationery,8617.849999999993,4921.23
2017-10,tablets_printing_image,99.0,69.93
2017-10,telephony,22850.76000000004,14610.12
2017-10,toys,34252.210000000094,23422.77
2017-10,watches_gifts,65060.530000000064,50259.96
2017-09,,5912.029999999998,3458.22
2017-09,agro_industry_and_commerce,1993.99,1545.01
2017-09,air_conditioning,1629.15,1245.71
2017-09,art,388.53999999999996,255.61
2017-09,audio,1042.5900000000001,702.37
2017-09,auto,14544.66999999999,9485.39
2017-09,baby,24366.300000000032,16371.86
2017-09,bed_bath_table,52817.680000000204,33338.48
2017-09,books_general_interest,965.1399999999999,519.68
2017-09,books_imported,290.0,197.64
2017-09,books_technical,1001.35,698.83
2017-09,christmas_supplies,254.7,140.56
2017-09,cine_photo,69.0,21.88
2017-09,computers,52878.880000000005,44167.74
2017-09,computers_accessories,28930.980000000058,18741.53
2017-09,consoles_games,8410.369999999994,5957.42
2017-09,construction_tools_construction,1289.2000000000003,877.74
2017-09,construction_tools_lights,229.0,148.22
2017-09,construction_tools_safety,1124.54,863.98
2017-09,cool_stuff,37936.350000000064,26980.58
2017-09,costruction_tools_garden,297.5,124.16
2017-09,costruction_tools_tools,916.89,732.67
2017-09,drinks,277.98,125.68
2017-09,dvds_blu_ray,39.8,-26.24
2017-09,electronics,4338.960000000001,2231.06
2017-09,fashio_female_clothing,355.70000000000005,202.49
2017-09,fashion_bags_accessories,12103.109999999986,7805.67
2017-09,fashion_childrens_clothes,89.99,57.12
2017-09,fashion_male_clothing,1177.5000000000002,680.41
2017-09,fashion_shoes,1179.6000000000001,690.76
2017-09,fashion_sport,384.5999999999999,197.23
2017-09,fashion_underwear_beach,1789.7,1204.83
2017-09,fixed_telephony,13692.91,10612.28
2017-09,food,992.9200000000003,535.33
2017-09,food_drink,310.86,83.44
2017-09,furniture_bedroom,709.6,390.07
2017-09,furniture_decor,30808.6000000001,17592.09
2017-09,furniture_living_room,1275.8700000000001,780.81
2017-09,furniture_mattress_and_upholstery,86.5,23.8
2017-09,garden_tools,22507.230000000032,13647.09
2017-09,health_beauty,52032.550000000025,35617.95
2017-09,home_appliances,1820.1900000000003,1174.68
2017-09,home_appliances_2,1627.8,1101.64
2017-09,home_comfort_2,12.9,-10.44
2017-09,home_confort,4592.34,3159.41
2017-09,home_construction,1357.8100000000002,699.52
2017-09,housewares,20313.260000000017,11634.37
2017-09,industry_commerce_and_business,219.98,151.85
2017-09,kitchen_dining_laundry_garden_furniture,464.09000000000003,240.47
2017-09,luggage_accessories,3885.3800000000015,2229.71
2017-09,market_place,1147.21,749.5
2017-09,musical_instruments,9034.969999999998,7115.45
2017-09,office_furniture,9808.529999999986,5755.67
2017-09,party_supplies,269.8,172.44
2017-09,perfumery,14744.869999999972,9690.37
2017-09,pet_shop,8534.919999999991,5773.75
2017-09,security_and_services,100.0,59.55
2017-09,signaling_and_security,438.4,242.64
2017-09,small_appliances,10390.729999999998,8036.72
2017-09,small_appliances_home_oven_and_coffee,640.99,475.31
2017-09,sports_leisure,50341.07000000015,32792.54
2017-09,stationery,5870.509999999998,3365.7
2017-09,tablets_printing_image,233.9,141.98
2017-09,telephony,18559.25,12386.39
2017-09,toys,30870.8200000001,19732.46
2017-09,watches_gifts,47043.84000000007,35307.95
2017-08,,5203.450000000002,2872.01
2017-08,agro_industry_and_commerce,88.0,-79.16
2017-08,air_conditioning,4271.73,3392.36
2017-08,art,244.70000000000002,122.98
2017-08,audio,1100.6,810.7
2017-08,auto,19971.20999999999,13135.94
2017-08,baby,19787.329999999998,13154.61
2017-08,bed_bath_table,58170.050000000185,38548.72
2017-08,books_general_interest,2314.900000000001,1471.81
2017-08,books_imported,61.0,39.34
2017-08,books_technical,1196.38,879.21
2017-08,cds_dvds_musicals,135.0,61.64
2017-08,christmas_supplies,58.9,28.85
2017-08,computers,33700.0,28001.0
2017-08,computers_accessories,35718.52000000013,23221.26
2017-08,consoles_games,9359.24999999999,6127.66
2017-08,construction_tools_construction,1180.0,757.95
2017-08,construction_tools_lights,589.0,426.34
2017-08,construction_tools_safety,8.9,-13.67
2017-08,cool_stuff,39071.030000000064,27175.11
2017-08,costruction_tools_garden,1286.19,872.25
2017-08,drinks,119.9,66.64
2017-08,dvds_blu_ray,113.4,-53.17
2017-08,electronics,2854.1500000000024,1254.57
2017-08,fashio_female_clothing,188.7,99.11
2017-08,fashion_bags_accessories,6667.579999999992,3853.98
2017-08,fashion_childrens_clothes,49.9,18.13
2017-08,fashion_male_clothing,1205.0500000000002,706.53
2017-08,fashion_shoes,1491.6900000000003,838.01
2017-08,fashion_sport,265.8,83.79
2017-08,fashion_underwear_beach,1111.0,710.82
2017-08,fixed_telephony,3343.54,2545.55
2017-08,food,364.5,145.03
2017-08,food_drink,533.8,128.42
2017-08,furniture_bedroom,618.0,444.48
2017-08,furniture_decor,36049.73000000012,20015.58
2017-08,furniture_living_room,2478.0700000000006,1342.51
2017-08,furniture_mattress_and_upholstery,509.39,313.99
2017-08,garden_tools,24388.52000000005,15151.66
2017-08,health_beauty,50509.19000000007,35682.83
2017-08,home_appliances,4698.45,2768.07
2017-08,home_appliances_2,3686.55,2500.43
2017-08,home_comfort_2,38.7,-12.15
2017-08,home_confort,4000.190000000001,2777.52
2017-08,home_construction,124.8,88.19
2017-08,housewares,23706.29000000005,14014.84
2017-08,industry_commerce_and_business,956.9,740.02
2017-08,kitchen_dining_laundry_garden_furniture,1006.1999999999999,622.49
2017-08,la_cuisine,313.0,204.92
2017-08,luggage_accessories,6833.099999999994,3961.76
2017-08,market_place,1937.3899999999999,1159.02
2017-08,musical_instruments,7089.5499999999965,5325.43
2017-08,office_furniture,9877.359999999993,5759.38
2017-08,perfumery,13196.559999999981,8972.27
2017-08,pet_shop,10500.78999999999,6981.49
2017-08,signaling_and_security,377.8,236.47
2017-08,small_appliances,4313.909999999999,3014.79
2017-08,small_appliances_home_oven_and_coffee,109.06,54.2
2017-08,sports_leisure,41893.13000000016,26486.61
2017-08,stationery,6366.909999999994,3666.7
2017-08,tablets_printing_image,450.89,251.93
2017-08,telephony,10832.309999999983,6438.85
2017-08,toys,18004.259999999987,11702.7
2017-08,watches_gifts,36170.9500000001,27187.03
2017-07,,3042.860000000002,1453.22
2017-07,agro_industry_and_commerce,1180.0,1013.93
2017-07,air_conditioning,1396.1,1095.59
2017-07,art,386.75,287.19
2017-07,arts_and_craftmanship,129.9,93.65
2017-07,audio,771.69,532.55
2017-07,auto,14198.74999999999,9021.03
2017-07,baby,15701.10999999998,10486.83
2017-07,bed_bath_table,65474.5800000002,42721.54
2017-07,books_general_interest,1292.4,819.43
2017-07,books_technical,528.0,401.76
2017-07,cds_dvds_musicals,225.0,98.62
2017-07,christmas_supplies,65.09,14.32
2017-07,computers_accessories,38616.110000000146,26160.79
2017-07,consoles_games,5680.16,3861.36
2017-07,construction_tools_construction,549.4399999999999,179.98
2017-07,construction_tools_lights,360.0,270.35
2017-07,cool_stuff,37506.7600000001,26781.11
2017-07,costruction_tools_garden,347.58000000000004,134.89
2017-07,drinks,273.97,151.98
2017-07,dvds_blu_ray,749.6999999999999,502.53
2017-07,electronics,7346.839999999996,4173.78
2017-07,fashio_female_clothing,376.6,235.99
2017-07,fashion_bags_accessories,5063.209999999997,2708.88
2017-07,fashion_male_clothing,719.99,437.06
2017-07,fashion_shoes,1283.02,704.62
2017-07,fashion_sport,69.9,48.73
2017-07,fashion_underwear_beach,274.8,187.14
2017-07,fixed_telephony,218.73000000000002,14.92
2017-07,food,584.16,309.03
2017-07,food_drink,168.20000000000002,14.54
2017-07,furniture_bedroom,1206.99,637.19
2017-07,furniture_decor,24851.910000000058,14071.7
2017-07,furniture_living_room,4395.119999999998,2644.06
2017-07,furniture_mattress_and_upholstery,109.4,13.39
2017-07,garden_tools,20033.63999999999,12398.48
2017-07,health_beauty,35040.08000000013,23464.96
2017-07,home_appliances,3671.9900000000007,2327.31
2017-07,home_appliances_2,1033.99,576.58
2017-07,home_comfort_2,12.9,-8.75
2017-07,home_confort,4653.75,2926.95
2017-07,home_construction,93.6,42.17
2017-07,housewares,20837.110000000037,12133.92
2017-07,industry_commerce_and_business,245.95999999999998,100.15
2017-07,kitchen_dining_laundry_garden_furniture,1316.5,762.46
2017-07,la_cuisine,469.99,304.35
2017-07,luggage_accessories,8357.60999999999,4982.71
2017-07,market_place,1573.3799999999999,1076.29
2017-07,music,329.0,262.98
2017-07,musical_instruments,7282.589999999998,5458.86
2017-07,office_furniture,17102.599999999995,9870.84
2017-07,party_supplies,69.9,43.0
2017-07,perfumery,12925.209999999983,8718.9
2017-07,pet_shop,6605.869999999994,3566.52
2017-07,signaling_and_security,530.19,281.97
2017-07,small_appliances,3972.359999999998,2485.04
2017-07,sports_leisure,37827.710000000174,23398.51
2017-07,stationery,6979.739999999993,4291.59
2017-07,tablets_printing_image,198.0,134.69
2017-07,telephony,9085.749999999985,5064.11
2017-07,toys,24556.620000000043,16774.62
2017-07,watches_gifts,35604.66000000003,27398.24
2017-06,,5522.279999999997,3475.5
2017-06,agro_industry_and_commerce,1390.0,1074.95
2017-06,air_conditioning,2084.4799999999996,1554.51
2017-06,art,421.69999999999993,92.25
2017-06,audio,1671.0,1256.24
2017-06,auto,29370.700000000015,21771.16
2017-06,baby,7864.739999999995,4955.21
2017-06,bed_bath_table,36491.69000000017,22867.09
2017-06,books_general_interest,1940.0800000000006,1203.58
2017-06,books_imported,99.0,46.92
2017-06,books_technical,145.9,75.76
2017-06,christmas_supplies,184.70000000000002,85.99
2017-06,cine_photo,79.0,30.61
2017-06,computers_accessories,37055.080000000075,26211.48
2017-06,consoles_games,5389.019999999999,3959.83
2017-06,construction_tools_construction,376.37000000000006,182.93
2017-06,cool_stuff,38604.48000000005,28323.6
2017-06,costruction_tools_garden,434.69000000000005,296.82
2017-06,drinks,49.99,19.78
2017-06,dvds_blu_ray,126.69,18.44
2017-06,electronics,2060.0400000000013,983.14
2017-06,fashio_female_clothing,154.8,76.72
2017-06,fashion_bags_accessories,6831.0299999999925,4204.5
2017-06,fashion_childrens_clothes,110.0,82.84
2017-06,fashion_male_clothing,569.6899999999999,253.42
2017-06,fashion_shoes,1381.0999999999997,680.96
2017-06,fashion_sport,495.49,292.03
2017-06,fashion_underwear_beach,3.9,-16.67
2017-06,fixed_telephony,933.6700000000001,552.27
2017-06,food,149.9,105.02
2017-06,food_drink,57.4,15.13
2017-06,furniture_bedroom,308.99,219.22
2017-06,furniture_decor,16911.679999999975,8475.35
2017-06,furniture_living_room,1713.3000000000002,903.09
2017-06,garden_tools,16416.069999999985,10890.3
2017-06,health_beauty,32159.450000000106,21542.12
2017-06,home_appliances,2580.19,1322.35
2017-06,home_appliances_2,1213.87,806.69
2017-06,home_comfort_2,12.9,-8.75
2017-06,home_confort,3056.190000000001,2252.31
2017-06,home_construction,1992.3000000000002,1564.34
2017-06,housewares,23441.810000000067,12537.23
2017-06,industry_commerce_and_business,276.97,168.53
2017-06,kitchen_dining_laundry_garden_furniture,374.79999999999995,142.03
2017-06,luggage_accessories,8232.089999999993,4816.13
2017-06,market_place,1258.95,764.31
2017-06,music,1066.9,838.26
2017-06,musical_instruments,4993.049999999999,3675.31
2017-06,office_furniture,7279.129999999994,4258.25
2017-06,pc_gamer,129.99,83.2
2017-06,perfumery,24703.980000000025,18157.13
2017-06,pet_shop,5243.569999999997,3063.49
2017-06,signaling_and_security,273.9,159.53
2017-06,small_appliances,9698.809999999998,7479.06
2017-06,small_appliances_home_oven_and_coffee,71.9,41.52
2017-06,sports_leisure,33187.33000000009,21454.38
2017-06,stationery,3493.5700000000006,2177.17
2017-06,tablets_printing_image,594.0,407.55
2017-06,telephony,6757.619999999987,2628.23
2017-06,toys,15506.349999999979,10021.38
2017-06,watches_gifts,28430.630000000005,22113.35
2017-05,,10961.939999999991,7139.61
2017-05,agro_industry_and_commerce,1579.94,1186.55
2017-05,air_conditioning,1016.77,676.69
2017-05,art,6967.65,5690.28
2017-05,arts_and_craftmanship,21.99,6.68
2017-05,audio,2081.1800000000003,1460.12
2017-05,auto,17849.739999999987,12050.31
2017-05,baby,9849.509999999987,6134.18
2017-05,bed_bath_table,34287.04000000021,21555.28
2017-05,books_general_interest,1841.5700000000004,1160.59
2017-05,books_technical,262.0,161.1
2017-05,cine_photo,59.0,14.21
2017-05,computers_accessories,45795.28000000007,32825.65
2017-05,consoles_games,2507.2,1610.67
2017-05,construction_tools_construction,99.99,33.58
2017-05,cool_stuff,33598.27000000012,23175.78
2017-05,costruction_tools_garden,1447.3400000000001,1044.05
2017-05,costruction_tools_tools,803.9,667.03
2017-05,drinks,90.0,51.25
2017-05,dvds_blu_ray,89.6,-2.15
2017-05,electronics,6709.109999999999,4200.07
2017-05,fashio_female_clothing,422.4,267.1
2017-05,fashion_bags_accessories,7631.359999999991,4279.96
2017-05,fashion_childrens_clothes,110.0,77.28
2017-05,fashion_male_clothing,608.9,417.55
2017-05,fashion_shoes,1669.54,1009.06
2017-05,fashion_sport,149.82999999999998,43.11
2017-05,fashion_underwear_beach,283.5,128.72
2017-05,fixed_telephony,502.32000000000005,198.66
2017-05,food,387.9,250.01
2017-05,food_drink,416.28999999999996,66.58
2017-05,furniture_bedroom,2369.9700000000003,1742.87
2017-05,furniture_decor,24364.490000000067,13450.3
2017-05,furniture_living_room,4929.430000000001,2770.34
2017-05,furniture_mattress_and_upholstery,595.89,373.39
2017-05,garden_tools,20607.56,13867.34
2017-05,health_beauty,47334.81000000004,33799.95
2017-05,home_appliances,2034.79,1107.94
2017-05,home_appliances_2,3093.04,2299.73
2017-05,home_confort,5383.769999999999,3830.14
2017-05,home_construction,1620.5,1168.45
2017-05,housewares,21511.560000000023,11914.31
2017-05,industry_commerce_and_business,519.8,415.0
2017-05,kitchen_dining_laundry_garden_furniture,1304.48,768.62
2017-05,la_cuisine,193.0,125.65
2017-05,luggage_accessories,12539.619999999984,8246.96
2017-05,market_place,2476.9799999999996,1687.44
2017-05,musical_instruments,10019.429999999998,7964.59
2017-05,office_furniture,8403.429999999993,5429.07
2017-05,pc_gamer,129.99,101.23
2017-05,perfumery,20119.04,14572.34
2017-05,pet_shop,8151.019999999994,5292.05
2017-05,signaling_and_security,508.85,160.7
2017-05,small_appliances,5241.439999999999,4036.56
2017-05,sports_leisure,36033.300000000076,23369.16
2017-05,stationery,6049.979999999997,3826.54
2017-05,tablets_printing_image,1514.98,1206.14
2017-05,telephony,9089.219999999978,3415.2
2017-05,toys,22329.050000000047,15106.82
2017-05,watches_gifts,37870.900000000016,30039.98
2017-04,,8693.089999999997,5696.84
2017-04,air_conditioning,2582.2300000000005,1893.82
2017-04,art,119.9,73.24
2017-04,audio,942.1999999999999,593.75
2017-04,auto,15548.169999999987,10725.92
2017-04,baby,3980.4500000000007,2324.46
2017-04,bed_bath_table,24822.640000000072,15398.84
2017-04,books_general_interest,923.3799999999999,533.16
2017-04,books_imported,19.99,-2.45
2017-04,books_technical,75.0,49.08
2017-04,christmas_supplies,69.0,30.75
2017-04,cine_photo,118.0,45.53
2017-04,computers_accessories,19550.159999999996,13746.07
2017-04,consoles_games,3772.88,2928.83
2017-04,cool_stuff,21623.080000000034,15675.37
2017-04,costruction_tools_garden,1490.21,1081.02
2017-04,costruction_tools_tools,729.0,617.25
2017-04,drinks,199.93000000000004,2.9
2017-04,dvds_blu_ray,1434.9,1221.27
2017-04,electronics,4822.239999999999,3184.45
2017-04,fashio_female_clothing,64.9,24.08
2017-04,fashion_bags_accessories,3219.8,1787.41
2017-04,fashion_male_clothing,416.68999999999994,239.76
2017-04,fashion_shoes,1526.5000000000005,808.45
2017-04,fashion_sport,189.77999999999997,87.12
2017-04,fashion_underwear_beach,98.79,5.58
2017-04,fixed_telephony,2998.33,2185.77
2017-04,food,491.3,264.57
2017-04,food_drink,47.9,-5.73
2017-04,furniture_bedroom,858.96,448.17
2017-04,furniture_decor,21540.530000000013,13214.7
2017-04,furniture_living_room,2073.34,1295.13
2017-04,furniture_mattress_and_upholstery,109.4,69.87
2017-04,garden_tools,18506.279999999995,12864.88
2017-04,health_beauty,22800.840000000015,15322.97
2017-04,home_appliances,499.4,250.67
2017-04,home_appliances_2,799.8,514.66
2017-04,home_comfort_2,12.9,-4.61
2017-04,home_confort,2411.1000000000004,1681.48
2017-04,home_construction,1602.69,1241.51
2017-04,housewares,13489.539999999972,7560.02
2017-04,kitchen_dining_laundry_garden_furniture,1033.4,604.17
2017-04,la_cuisine,24.0,3.39
2017-04,luggage_accessories,7150.199999999994,4514.06
2017-04,market_place,4090.1800000000003,2999.21
2017-04,music,59.8,13.58
2017-04,musical_instruments,3818.4300000000003,2961.29
2017-04,office_furniture,9411.299999999997,6186.35
2017-04,pc_gamer,259.98,178.63
2017-04,perfumery,19891.11000000001,14949.9
2017-04,pet_shop,6182.889999999997,4179.15
2017-04,signaling_and_security,128.06,42.1
2017-04,small_appliances,23253.98,19112.03
2017-04,sports_leisure,24564.760000000042,16075.41
2017-04,stationery,4606.340000000001,3212.58
2017-04,tablets_printing_image,1112.88,717.06
2017-04,telephony,7245.869999999988,3289.88
2017-04,toys,13039.42999999998,8836.94
2017-04,watches_gifts,23506.09,18263.51
2017-03,,6635.169999999997,4411.6
2017-03,agro_industry_and_commerce,81.99000000000001,28.65
2017-03,air_conditioning,4103.81,3234.81
2017-03,art,223.25,69.98
2017-03,audio,1134.77,681.65
2017-03,auto,13697.979999999994,9321.33
2017-03,baby,3724.0800000000004,2279.76
2017-03,bed_bath_table,26436.420000000122,16440.92
2017-03,books_general_interest,2533.96,1674.14
2017-03,books_technical,75.0,27.26
2017-03,computers_accessories,28145.60000000002,20451.18
2017-03,consoles_games,10533.839999999997,7883.63
2017-03,construction_tools_construction,658.9,405.4
2017-03,construction_tools_safety,380.0,248.24
2017-03,cool_stuff,20995.31000000001,15480.69
2017-03,drinks,463.87,264.73
2017-03,dvds_blu_ray,453.7,275.04
2017-03,electronics,3986.0000000000005,2646.73
2017-03,fashio_female_clothing,19.9,1.55
2017-03,fashion_bags_accessories,4861.159999999999,2886.48
2017-03,fashion_male_clothing,580.8,312.36
2017-03,fashion_shoes,1515.0000000000005,1029.39
2017-03,fashion_sport,39.9,16.0
2017-03,fashion_underwear_beach,394.14,248.36
2017-03,fixed_telephony,1333.45,706.65
2017-03,food,2667.5600000000004,1687.31
2017-03,food_drink,85.8,8.37
2017-03,furniture_decor,24106.34000000005,13025.54
2017-03,furniture_living_room,3323.9999999999995,2059.13
2017-03,garden_tools,23617.16000000004,16680.31
2017-03,health_beauty,25927.350000000042,17684.31
2017-03,home_appliances,343.2,79.55
2017-03,home_appliances_2,500.9,363.26
2017-03,home_comfort_2,342.88,238.72
2017-03,home_confort,2123.4,1538.38
2017-03,home_construction,591.96,332.44
2017-03,housewares,13543.579999999969,7004.74
2017-03,industry_commerce_and_business,238.0,155.41
2017-03,kitchen_dining_laundry_garden_furniture,113.98,30.23
2017-03,luggage_accessories,5924.0099999999975,3568.75
2017-03,market_place,1808.5900000000008,1236.56
2017-03,music,27.99,5.11
2017-03,musical_instruments,1667.3300000000002,1130.72
2017-03,office_furniture,11783.509999999993,6991.79
2017-03,perfumery,19887.130000000016,15071.6
2017-03,pet_shop,8369.959999999994,6340.76
2017-03,signaling_and_security,75.0,38.77
2017-03,small_appliances,11171.059999999998,8818.04
2017-03,sports_leisure,26849.49000000003,18032.21
2017-03,stationery,5937.619999999997,3824.48
2017-03,tablets_printing_image,495.0,309.77
2017-03,telephony,8077.06999999998,3519.69
2017-03,toys,12429.469999999981,8474.24
2017-03,watches_gifts,24970.380000000005,20167.76
2017-02,,9034.099999999995,6567.12
2017-02,agro_industry_and_commerce,224.84000000000003,56.6
2017-02,air_conditioning,3095.3000000000006,2204.13
2017-02,audio,163.8,33.57
2017-02,auto,12692.579999999989,8617.71
2017-02,baby,3048.4800000000005,1823.59
2017-02,bed_bath_table,17145.42999999998,11055.16
2017-02,books_general_interest,772.7099999999999,453.88
2017-02,books_imported,99.0,58.3
2017-02,books_technical,159.0,111.52
2017-02,cine_photo,59.0,10.68
2017-02,computers,3549.0,3064.65
2017-02,computers_accessories,11972.589999999987,8157.73
2017-02,consoles_games,4294.77,3254.7
2017-02,construction_tools_construction,336.79,224.6
2017-02,construction_tools_safety,379.0,310.66
2017-02,cool_stuff,13323.59999999999,9613.48
2017-02,costruction_tools_garden,579.98,455.68
2017-02,dvds_blu_ray,14.9,-12.69
2017-02,electronics,1218.8499999999997,630.54
2017-02,fashio_female_clothing,457.79999999999995,304.18
2017-02,fashion_bags_accessories,2433.9100000000008,1312.49
2017-02,fashion_male_clothing,642.85,402.79
2017-02,fashion_shoes,107.05000000000001,28.88
2017-02,fashion_underwear_beach,396.97,194.48
2017-02,fixed_telephony,759.23,189.98
2017-02,food,715.63,365.85
2017-02,furniture_bedroom,450.0,339.12
2017-02,furniture_decor,21151.000000000025,11641.09
2017-02,furniture_living_room,3513.6299999999997,1965.02
2017-02,garden_tools,12764.609999999993,9118.66
2017-02,health_beauty,22838.790000000026,15725.9
2017-02,home_appliances,740.9,489.77
2017-02,home_appliances_2,15.99,-5.05
2017-02,home_confort,414.65999999999997,274.89
2017-02,home_construction,695.6,523.16
2017-02,housewares,12061.21,8614.25
2017-02,industry_commerce_and_business,119.0,83.78
2017-02,kitchen_dining_laundry_garden_furniture,139.9,74.68
2017-02,luggage_accessories,1694.1800000000005,941.1
2017-02,market_place,1598.2200000000003,906.21
2017-02,musical_instruments,2246.18,1671.71
2017-02,office_furniture,11805.979999999992,7668.36
2017-02,perfumery,8110.279999999992,6064.7
2017-02,pet_shop,3729.0699999999997,2270.65
2017-02,small_appliances,7251.579999999996,5457.61
2017-02,sports_leisure,16207.159999999982,10307.36
2017-02,stationery,2341.4000000000005,1658.0
2017-02,tablets_printing_image,792.0,500.52
2017-02,telephony,6751.199999999991,3534.0
2017-02,toys,9353.439999999991,6684.31
2017-02,watches_gifts,11756.209999999995,9465.51
2017-01,,1702.6400000000003,1205.22
2017-01,agro_industry_and_commerce,65.97,1.26
2017-01,air_conditioning,663.6999999999999,475.4
2017-01,auto,5168.83,3680.92
2017-01,baby,6397.869999999998,4668.67
2017-01,bed_bath_table,4070.150000000001,2395.28
2017-01,books_general_interest,234.89,160.04
2017-01,computers,2199.99,1912.99
2017-01,computers_accessories,3924.140000000001,2835.53
2017-01,consoles_games,5954.199999999998,4551.8
2017-01,construction_tools_construction,310.0,218.0
2017-01,cool_stuff,7784.869999999999,5546.3
2017-01,dvds_blu_ray,29.8,-1.78
2017-01,electronics,617.0,325.37
2017-01,fashio_female_clothing,77.3,32.51
2017-01,fashion_bags_accessories,1671.9700000000005,814.59
2017-01,fashion_male_clothing,126.9,74.46
2017-01,fashion_shoes,34.9,11.6
2017-01,fashion_underwear_beach,137.25,69.98
2017-01,fixed_telephony,677.12,191.67
2017-01,food,42.82,-8.32
2017-01,furniture_bedroom,73.2,-51.14
2017-01,furniture_decor,13740.109999999968,7963.99
2017-01,furniture_living_room,1241.9,765.55
2017-01,garden_tools,8152.749999999996,5578.12
2017-01,health_beauty,12561.319999999987,9041.47
2017-01,home_appliances_2,2126.6800000000003,1689.56
2017-01,home_comfort_2,72.8,31.29
2017-01,housewares,2827.5799999999995,1892.98
2017-01,kitchen_dining_laundry_garden_furniture,110.0,73.6
2017-01,luggage_accessories,492.5,335.52
2017-01,market_place,447.03999999999996,259.58
2017-01,music,19.8,-10.02
2017-01,musical_instruments,339.74,275.97
2017-01,office_furniture,1444.35,770.36
2017-01,perfumery,5112.5999999999985,3779.69
2017-01,pet_shop,967.12,546.44
2017-01,security_and_services,183.29,130.53
2017-01,small_appliances,1660.7900000000002,1304.04
2017-01,sports_leisure,10163.859999999991,6505.88
2017-01,stationery,1561.9899999999993,1111.93
2017-01,telephony,2945.8599999999988,1882.88
2017-01,toys,4649.189999999998,3090.43
2017-01,watches_gifts,8086.5199999999995,6676.97
2016-12,fashion_bags_accessories,10.9,-4.13
2016-10,,65.89,17.95
2016-10,air_conditioning,1707.0900000000004,1201.8
2016-10,audio,156.99,102.11
2016-10,auto,1408.2500000000002,799.94
2016-10,baby,1371.1699999999998,966.06
2016-10,bed_bath_table,478.98999999999995,249.16
2016-10,books_general_interest,119.5,75.12
2016-10,books_technical,267.0,175.76
2016-10,computers_accessories,1399.32,725.85
2016-10,consoles_games,3882.2599999999998,3138.2
2016-10,cool_stuff,1046.1,683.84
2016-10,diapers_and_hygiene,134.9,97.62
2016-10,electronics,107.99,78.23
2016-10,fashio_female_clothing,54.9,28.58
2016-10,fashion_bags_accessories,373.29999999999995,152.85
2016-10,fashion_male_clothing,24.9,3.96
2016-10,fashion_shoes,29.99,10.43
2016-10,fixed_telephony,704.88,525.72
2016-10,food,79.9,48.98
2016-10,furniture_decor,5934.579999999993,3504.38
2016-10,garden_tools,1359.88,1035.98
2016-10,health_beauty,4414.62,2637.01
2016-10,housewares,1287.0700000000002,774.79
2016-10,industry_commerce_and_business,359.6,222.49
2016-10,market_place,1306.19,786.58
2016-10,office_furniture,1300.88,793.39
2016-10,perfumery,4829.1,3606.38
2016-10,pet_shop,689.68,500.74
2016-10,sports_leisure,2012.15,1195.08
2016-10,telephony,260.18,59.96
2016-10,toys,4106.499999999999,2980.71
2016-10,watches_gifts,3360.24,2772.28
2016-09,furniture_decor,72.89,-15.03
2016-09,health_beauty,134.97,84.49
